image,Invoice Number,Invoice Date,Seller Tax ID,Client Tax ID,Seller IBAN,Net Worth,VAT,Gross Worth
invoice_001.jpg,51109338,04/13/2013,945-82-2137,942-80-0517,GB75MCRL06841367619257,5640.17,564.02,6204.19
invoice_002.jpg,78605417,08/07/2017,909-73-7194,940-87-7017,GB17WVTT56005535188252,656.46,65.65,722.11
invoice_003.jpg,94786467,11/19/2013,936-70-6673,919-88-4424,GB18QZIH77960348255932,7708.25,770.83,8479.08
invoice_004.jpg,53553822,07/24/2012,926-74-9803,935-94-0783,GB21NRBX59248288874823,23399.04,2339.90,25738.94
invoice_005.jpg,26700559,01/11/2018,974-76-2764,958-82-3330,GB35YDNN61347660277835,311.70,31.17,342.87
invoice_006.jpg,96947403,10/09/2011,944-92-0144,985-88-9141,GB67TUVG95262505800602,481.62,48.16,529.78
invoice_007.jpg,24342647,05/07/2020,933-70-8828,910-72-5904,GBO5CPFN10349037207241,4112.98,411.30,4524.28
invoice_008.jpg,76778037,03/15/2021,962-88-2450,910-87-8964,GB84DBNV37102667540169,690.03,69.00,759.03
invoice_009.jpg,34967709,01/16/2018,913-91-8891,995-75-2976,GB47XEBQ87721203651804,499.98,50.00,549.98
invoice_010.jpg,12323459,08/04/2013,902-87-8627,960-94-6747,GB33EMHE63462278604328,74.25,7.43,81.68
invoice_011.jpg,37107781,07/29/2012,946-73-8252,994-84-0379,GB30TGFD70872253743837,2549.93,254.99,2804.92
invoice_012.jpg,86736203,05/20/2013,968-98-6433,987-91-1452,GBO4NPPR85049860720734,14158.28,1415.83,15574.11
invoice_013.jpg,69875170,07/18/2014,984-82-1277,988-79-9604,GB63MNKB15123766783579,176837.91,17683.79,194521.70
invoice_014.jpg,35593328,06/08/2011,938-91-6436,942-92-5992,GB42RIFK65000994976015,2731.78,273.18,3004.96
invoice_015.jpg,74980573,09/27/2015,944-98-4907,901-84-6442,GBO2HMXX72577746298746,173.87,17.39,191.26
invoice_016.jpg,37060863,01/30/2021,964-80-9962,953-87-7430,GB79IBVF13930075179399,1838.93,183.89,2022.82
invoice_017.jpg,61669642,11/12/2013,940-76-9247,909-87-3064,GB89DNYK55635059269556,137.62,13.76,151.38
invoice_018.jpg,60456703,09/01/2016,970-94-1776,991-84-7712,GBO5IPNV34325216718258,339.98,34.00,373.98
invoice_019.jpg,97388190,12/13/2016,912-83-9339,986-76-0381,GB36VWDA36824721563097,299.85,29.99,329.84
invoice_020.jpg,10942693,06/13/2018,922-83-3513,947-74-2259,GB76CSSR03453199859434,19228.78,1922.88,21151.66
invoice_021.jpg,20434959,12/20/2011,932-75-6582,940-95-1310,GB35IHYS72111215388563,26.97,2.70,29.67
invoice_022.jpg,58379529,05/31/2011,944-77-4530,913-994-1721,GBO3KMWL18203008008726,2667.91,266.79,2934.70
invoice_023.jpg,54661411,07/29/2020,928-97-0774,913-98-4271,GB34CHOA94863267286764,7200.53,720.05,7920.58
invoice_024.jpg,32830026,12/20/2014,907-77-8965,995-83-6792,GB810UZN44807763808287,1036.58,103.66,1140.24
invoice_025.jpg,44848471,03/26/2021,902-74-7536,913-71-7249,GB89NZLM61247862676381,762.44,76.24,838.68
invoice_026.jpg,51295021,01/05/2017,922-88-3881,965-87-8819,GB64NDCS47020318571282,8415.08,841.51,9256.59
invoice_027.jpg,22083742,03/01/2014,902-72-8574,934-70-6847,GB62IACN00896958403438,7200.00,720.00,7920.00
invoice_028.jpg,98858130,01/28/2021,969-72-5121,941-88-5692,GB210JGQ49248059733020,401.88,40.19,442.07
invoice_029.jpg,65028137,01/03/2014,944-72-9866,988-84-2952,GB10AMVD30795287137531,89.95,9.00,98.95
invoice_030.jpg,15001300,02/18/2014,929-82-4759,991-91-7229,GB32MKCO74382010852522,297.35,29.73,327.08
invoice_031.jpg,33102457,09/18/2018,937-81-0462,974-83-3645,GB42MQKW89908599665710,16619.31,1661.93,18281.24
invoice_032.jpg,37877758,07/02/2014,945-75-6162,953-92-4049,GB81XDRW19367191324873,43018.47,4301.85,47320.32
invoice_033.jpg,96430839,01/13/2019,971-80-5191,934-91-7455,GB9ORYME18980824175499,4507.42,450.74,4958.16
invoice_034.jpg,56908352,01/11/2015,914-76-8473,904-76-9217,GB68RRBM34982962207975,171.01,17.10,188.11
invoice_035.jpg,36187296,01/05/2017,951-73-0229,966-84-8472,GB480UAZ93098629612648,471.64,47.16,518.80
invoice_036.jpg,44456646,03/21/2015,916-98-8677,940-84-8016,GB48PIBU37974446029688,287.36,28.74,316.10
invoice_037.jpg,46506594,03/12/2012,929-76-1260,940-86-9734,GB49GJRS28729607733931,1335.86,133.59,1469.45
invoice_038.jpg,77596491,01/31/2021,988-83-0971,926-85-5660,GBO4ZWCK22425880230961,22.68,2.27,24.95
invoice_039.jpg,68688408,03/20/2016,953-84-2239,904-82-9186,GB84XSNO58142814072766,82.97,8.30,91.27
invoice_040.jpg,57986024,10/17/2015,959-72-2889,907-74-8078,GBO2QDFL22211399552517,215.72,21.57,237.29
invoice_041.jpg,11580833,11/24/2019,968-86-1662,979-96-3992,GB61VHVS67246807986062,4671.23,467.12,5138.35
invoice_042.jpg,13407985,11/22/2013,962-88-9077,997-95-5690,GB23TMKM50357047352524,4963.41,496.34,5459.75
invoice_043.jpg,99314100,06/25/2014,993-76-1179,908-81-7850,GB20WFQR49970703277369,5975.75,597.58,6573.33
invoice_044.jpg,81978187,01/17/2013,957-92-5322,922-87-4664,GB91VPMR74805066714957,113.45,11.34,124.79
invoice_045.jpg,74589240,12/08/2013,977-76-9492,981-73-4585,GB51FSWB55572342266497,11794.44,1179.44,12973.88
invoice_046.jpg,72128555,12/25/2013,905-82-5399,917-86-7656,GB71QMAA96406297569205,665.76,66.58,732.34
invoice_047.jpg,89969473,10/29/2016,972-82-0713,944-77-3882,GB71GBDG68039919194335,725.37,72.54,797.91
invoice_048.jpg,16273983,04/01/2017,909-83-7738,901-88-0463,GB96VWUL52026848004193,744.60,74.46,819.06
invoice_049.jpg,19471831,04/09/2014,924-71-1106,922-72-5979,GBO5YUTG50853913677557,40677.81,4067.78,44745.59
invoice_050.jpg,12847181,03/03/2012,998-99-5253,911-82-7132,GB92PBPQ73499358975916,6236.77,623.68,6860.45
